identificador,batch,video_index,titulo,veiculo,hook,duracao_segundos,total_cenas,palavras_roteiro,peso_hook,peso_tech,peso_antihype,peso_sound,peso_telemetria,cadencia_wpm,cortes_seg,peso_comentarios,dias_exposicao,views,views_por_dia,views_projetadas_28d,trajetoria,retencao_3s_pct,apv_pct,ctr_pct,curtidas,comentarios,tier,observacoes_sucesso,status_metadata
batch_1_video_0,batch_1,0,Engenharia Extrema: O Segredo Mecânico #6822,Engenharia Extrema,Você conhece o segredo dessa obra-prima da engenharia?,52.6,18,133,0.95,0.92,0.90,0.88,0.85,185,2.8,0.85,1.0,,,,STEADY_GROWTH,,,,,,PENDING,,VALIDO
batch_1_video_1,batch_1,1,BMW M5 V10 E60: A Sinfonia e a Dor de Cabeça do Motor S85 Inspirado na F1,BMW M5 V10 E60,E se eu te disser que a BMW colocou um motor de Fórmula 1 legítimo dentro de um sedã de luxo para a família?,77.6,16,232,0.95,0.92,0.90,0.88,0.85,185,2.8,0.85,1.0,6,6.0,30,INCUBATING,,28.94,8.33,,,INCUBATING,YouTube: BMW M5 V10 E60: A Sinfonia e a (100%),VALIDO
batch_1_video_2,batch_1,2,Lamborghini Huracán Performante: Como a aerodinâmica ativa ALA redefine a física em curvas,Lamborghini Huracán Performante,E se eu te disser que este Lamborghini controla o vento usando portas internas de carbono para fazer curvas impossíveis?,81.7,17,229,0.95,0.92,0.90,0.88,0.85,185,2.8,0.85,1.0,5,5.0,25,INCUBATING,,8.07,0.0,,,INCUBATING,YouTube: Lamborghini Huracán Performant (100%),VALIDO
batch_1_video_3,batch_1,3,Porsche 911 Turbo S (992): A Genialidade dos Turbos de Geometria Variável (VTG),Porsche 911 Turbo S 992,Como a Porsche eliminou o turbo lag usando tecnologia que a NASA usa em foguetes?,63.0,18,162,0.95,0.92,0.90,0.88,0.85,185,2.8,0.85,1.0,11,11.0,55,STEADY_GROWTH,,61.36,15.38,,,B,YouTube: Porsche 911 Turbo S: A Geniali (98%),VALIDO
batch_1_video_4,batch_1,4,Toyota Supra Mk4 2JZ-GTE: O Segredo do Bloco de Ferro Fundido que Suporta 1000 Cavalos,Toyota Supra Mk4 2JZ-GTE,Como o bloco de ferro do Toyota Supra 2JZ aguenta o dobro da potência sem explodir?,51.1,16,137,0.95,0.92,0.90,0.88,0.85,185,2.8,0.85,1.0,2,2.0,10,INCUBATING,,4.04,0.0,,,INCUBATING,YouTube: Toyota Supra Mk4 2JZ-GTE: O Se (100%),VALIDO
batch_1_video_5,batch_1,5,Bugatti Chiron: A Insana Engenharia dos Quatro Turbos e Intercoolers de Alta Vazão,Bugatti Chiron,Como a Bugatti Chiron empurra 1500 cavalos sem explodir? O segredo está nos quatro turbos!,62.5,17,166,0.95,0.92,0.90,0.88,0.85,185,2.8,0.85,1.0,,,,STEADY_GROWTH,,,,,,PENDING,,VALIDO
batch_1_video_6,batch_1,6,Ferrari F40: A Bruta Engenharia dos Turbos IHI e a Ausência de Filtros,Ferrari F40,"Esta Ferrari não tem direção hidráulica, não tem ABS e vai tentar te matar se você errar a troca de marcha por meio segundo!",76.0,17,222,0.95,0.92,0.90,0.88,0.85,185,2.8,0.85,1.0,,,,STEADY_GROWTH,,,,,,PENDING,,VALIDO
batch_1_video_7,batch_1,7,Ford GT40 MkII: A Brutalidade Mecânica do V8 7.0L que Derrotou a Ferrari em Le Mans,Ford GT40 MkII,Como um motor de caminhão adaptado humilhou a Ferrari na pista mais difícil do mundo?,64.0,15,180,0.95,0.92,0.90,0.88,0.85,185,2.8,0.85,1.0,,,,STEADY_GROWTH,,,,,,PENDING,,VALIDO
batch_1_video_8,batch_1,8,Mazda 787B: A Engenharia Secreta da Admissão Variável do Motor R26B 4-Rotores,Mazda 787B,Você sabe como um motor sem pistões venceu Le Mans gritando a nove mil RPM?,68.7,15,184,0.95,0.92,0.90,0.88,0.85,185,2.8,0.85,1.0,,,,STEADY_GROWTH,,,,,,PENDING,,VALIDO
batch_1_video_9,batch_1,9,A Engenharia do Corvette C8 Z06: O Motor V8 Flat-Plane que Grita como Ferrari,Corvette C8 Z06,"Esqueça tudo o que você sabe sobre o ronco clássico dos V8 americanos, porque o novo Corvette Z06 mudou as regras do jogo.",43.9,15,102,0.95,0.92,0.90,0.88,0.85,185,2.8,0.85,1.0,,,,STEADY_GROWTH,,,,,,PENDING,,VALIDO
batch_2_video_0,batch_2,0,Nissan GT-R R35: Por que a Transmissão GR6 é uma obra-prima de engenharia?,Nissan GT-R R35,A Nissan escondeu um segredo dentro da caixa de marchas do R35 que desafia as leis da física.,57.0,14,144,0.95,0.92,0.90,0.88,0.85,185,2.8,0.85,1.0,,,,STEADY_GROWTH,,,,,,PENDING,,VALIDO
batch_2_video_1,batch_2,1,Dodge Challenger SRT Demon 170: A Física do 'Transbrake' para Arrancadas Perfeitas,Dodge Challenger SRT Demon 170,"Esqueça tudo o que você sabe sobre arrancadas, o Demon 170 quebra as leis da física com um botão.",53.1,14,122,0.95,0.92,0.90,0.88,0.85,185,2.8,0.85,1.0,,,,STEADY_GROWTH,,,,,,PENDING,,VALIDO
batch_2_video_2,batch_2,2,Porsche 919 Hybrid: A Engenharia da Recuperação de Energia em Le Mans,Porsche 919 Hybrid,Você sabia que o Porsche 919 Hybrid gera eletricidade através do calor extremo do escapamento?,51.1,14,141,0.95,0.92,0.90,0.88,0.85,185,2.8,0.85,1.0,,,,STEADY_GROWTH,,,,,,PENDING,,VALIDO
batch_2_video_3,batch_2,3,Pagani Huayra: A Magia da Aerodinâmica Ativa Independente,Pagani Huayra,"Esqueça a asa fixa, este carro tem 4 flaps que se movem como asas de um pássaro!",49.5,14,116,0.95,0.92,0.90,0.88,0.85,185,2.8,0.85,1.0,,,,STEADY_GROWTH,,,,,,PENDING,,VALIDO
batch_2_video_4,batch_2,4,Lancia Delta Integrale Evoluzione: A Engenharia de Tração Integral que dominou o Rali,Lancia Delta Integrale Evoluzione,"Este carro venceu 6 campeonatos de rali seguidos, mas não por causa do motor, e sim por causa do seu sistema de tração quase alienígena.",61.4,14,162,0.95,0.92,0.90,0.88,0.85,185,2.8,0.85,1.0,,,,STEADY_GROWTH,,,,,,PENDING,,VALIDO
batch_2_video_5,batch_2,5,Mercedes-AMG C63 W204: O Rugido Selvagem do Motor V8 M156,Mercedes-AMG C63 W204,Este motor é considerado um dos maiores crimes contra o consumo de combustível já cometidos pela Mercedes-AMG.,66.8,14,174,0.95,0.92,0.90,0.88,0.85,185,2.8,0.85,1.0,,,,STEADY_GROWTH,,,,,,PENDING,,VALIDO
batch_2_video_6,batch_2,6,Shelby GT500 Predator: A Física do Compressor de Raízes 2.65L,Shelby GT500 Predator,Por que o Shelby GT500 destrói pneus com tanta facilidade? O segredo está no Predator.,40.3,14,90,0.95,0.92,0.90,0.88,0.85,185,2.8,0.85,1.0,,,,STEADY_GROWTH,,,,,,PENDING,,VALIDO
batch_2_video_7,batch_2,7,A Engenharia do V12 Aspirado da Ferrari Enzo: F1 nas Ruas,V12 Aspirado Ferrari Enzo,"Você sabia que a Ferrari Enzo tem um motor que é, basicamente, um derivado direto da Fórmula 1?",56.2,14,129,0.95,0.92,0.90,0.88,0.85,185,2.8,0.85,1.0,,,,STEADY_GROWTH,,,,,,PENDING,,VALIDO
batch_2_video_8,batch_2,8,Honda NSX Type R: Por que o chassis de alumínio mudou tudo?,Honda NSX Type R,"Esqueça a potência bruta, o NSX mudou a história dos superesportivos usando apenas uma balança e muito alumínio.",56.2,14,133,0.95,0.92,0.90,0.88,0.85,185,2.8,0.85,1.0,,,,STEADY_GROWTH,,,,,,PENDING,,VALIDO
batch_2_video_9,batch_2,9,A Engenharia do Porsche Panamera Turbo: Suspensão Ativa e Conforto Dinâmico,Porsche Panamera Turbo,Este sedã de 2 toneladas curva melhor que muitos superesportivos. Como?,39.8,14,97,0.95,0.92,0.90,0.88,0.85,185,2.8,0.85,2.0,1,0.5,4,INCUBATING,,7.12,0.0,,,D,YouTube: Porsche Carrera GT: Embreagem  (57%),VALIDO
batch_3_video_0,batch_3,0,Ferrari 488 Pista: A Magia do Ângulo de Abertura da Borboleta,Ferrari 488 Pista,"A Ferrari 488 Pista esconde um segredo que faz dela o terror das pistas. Não é mágica, é software.",60.0,14,140,0.95,0.92,0.90,0.88,0.85,185,2.8,0.85,1.0,,,,STEADY_GROWTH,,,,,,PENDING,,VALIDO
batch_3_video_1,batch_3,1,BMW M3 E46: O Segredo da Distribuição de Peso 50/50,BMW M3 E46,"O segredo do BMW M3 E46 não está no motor, está em como ele foi equilibrado na balança.",48.3,15,110,0.95,0.92,0.90,0.88,0.85,185,2.8,0.85,1.0,,,,STEADY_GROWTH,,,,,,PENDING,,VALIDO
batch_3_video_3,batch_3,3,Audi RS6 Avant: A Física Brutal do V8 Biturbo e Tração Quattro em Ação,Audi RS6 Avant,Como uma perua de duas toneladas desafia superesportivos na arrancada?,68.1,18,190,0.95,0.92,0.90,0.88,0.85,185,2.8,0.85,1.0,,,,STEADY_GROWTH,,,,,,PENDING,,VALIDO
batch_3_video_4,batch_3,4,Porsche 911 GT3 RS (991.2): O Segredo do Motor 4.0L Aspirado de 9.000 RPM,Porsche 911 GT3 RS 991.2,Como a Porsche faz um motor boxer aspirado girar a insanos 9.000 RPM sem explodir?,57.0,15,150,0.95,0.92,0.90,0.88,0.85,185,2.8,0.85,1.0,389,389.0,1944,VIRAL_BURST,,27.42,0.0,,,S,YouTube: Porsche 911 GT3 RS (992): O se (71%),VALIDO
batch_3_video_5,batch_3,5,Ferrari SF90 Stradale: A Complexa Engenharia do Sistema Híbrido Tri-Motor,Ferrari SF90 Stradale,Este supercarro da Ferrari não tem marcha à ré mecânica... Quem faz o carro andar para trás são dois motores elétricos independentes!,61.8,18,169,0.95,0.92,0.90,0.88,0.85,185,2.8,0.85,1.0,,,,STEADY_GROWTH,,,,,,PENDING,,VALIDO
batch_3_video_6,batch_3,6,McLaren Senna: O Segredo da Asa Ativa Controlada Hidraulicamente,McLaren Senna,Esta asa traseira se move em milissegundos para colar o carro no chão a 300 por hora!,64.6,16,173,0.95,0.92,0.90,0.88,0.85,185,2.8,0.85,1.0,155,155.0,775,ACCELERATING,,8.48,0.0,,,D,YouTube: McLaren 720S: O Segredo da Sus (69%),VALIDO
batch_3_video_7,batch_3,7,A Engenharia Absurda do Honda S2000: O Segredo do Motor F20C de 9.000 RPM,Honda S2000,Como um motor de 2 litros consegue girar a absurdos 9.000 RPM sem estilhaçar por dentro?,49.4,18,115,0.95,0.92,0.90,0.88,0.85,185,2.8,0.85,1.0,,,,STEADY_GROWTH,,,,,,PENDING,,VALIDO
