identificador,batch,video_index,canal_handle,canal_nome,idioma,titulo,hook_texto,hook_tipo,duracao_segundos,duracao_formatada,formato_video,subreddit_origem,arquetipo_narrativa,gatilho_emocional,tts_engine,tts_voz_id,tts_velocidade_wpm,tts_tom_estilo,broll_categoria,broll_fps,broll_corte_frequencia_seg,legenda_estilo,legenda_fonte,legenda_cor_primaria,legenda_cor_destaque,legenda_animacao,views,curtidas,comentarios,compartilhamentos,retencao_3s_pct,apv_pct,ctr_pct,taxa_engajamento_pct,frequencia_postagem_semanal,fator_viralidade,observacoes_sucesso,status_metadata,data_coleta
XAM_B01_V01_LONG,batch_01,1,@xamaadoreddit,Xamã do Reddit,PT-BR,[HISTÓRIA COMPLETA] Minha esposa me traiu com meu melhor amigo e agora exige metade da minha empresa...,Minha esposa me traiu com meu melhor amigo de infância e agora teve a audácia de exigir metade da empresa que construí do zero.,Indignacao_Moral,2145,35:45,Longform_16x9,r/relacionamentos,Traicao_Conjugal_e_Socio,Choque_Traicao,ElevenLabs,Rogerio,152.0,Serio_Dramatico,Minecraft_Parkour,60,3.2,Karaoke_Word_By_Word,Montserrat ExtraBold,&H00FFFFFF,&H0000E5FF,PopIn_Scale_110,342000,22800,1840,950,79.4,58.2,12.8,7.2,6,Tier_S,Viral impulsionado por indignação nos comentários sobre a divisão de bens da empresa.,VALIDO,2026-09-01
XAM_B01_V02_LONG,batch_01,2,@xamaadoreddit,Xamã do Reddit,PT-BR,Descobri que minha sogra planejava me expulsar da MINHA PRÓPRIA CASA e me vinguei no almoço de família,Minha sogra achou que eu nunca encontraria a procuração falsa que ela tentou registrar no cartório.,Xeque_Mate_Legal,1680,28:00,Longform_16x9,r/ProRevenge,Sogra_Invasiva_Patrimonio,Vinganca_Catarse,Microsoft_Azure,pt-BR-AntonioNeural,148.5,Serio_Dramatico,GTA5_MegaRamp,60,2.8,Karaoke_Word_By_Word,Montserrat ExtraBold,&H00FFFFFF,&H0000E5FF,PopIn_Scale_110,185000,12400,980,520,76.1,54.6,11.2,7.2,6,Tier_A,Alta taxa de retenção no midpoint durante a revelação da gravação no almoço.,VALIDO,2026-09-01
XAM_B01_V03_LONG,batch_01,3,@xamaadoreddit,Xamã do Reddit,PT-BR,[HISTÓRIA COMPLETA] Eu sou o babaca por cancelar o casamento depois de ver o celular da minha noiva?,Cancelei um casamento de 120 mil reais a 48 horas da cerimônia após abrir uma mensagem no tablet da minha noiva.,Indignacao_Moral,2460,41:00,Longform_16x9,r/EuSouOBabaca,Casamento_Cancelado_Altar,Melodrama_Familiar,ElevenLabs,Rogerio,150.0,Serio_Dramatico,Minecraft_Parkour,60,3.0,Karaoke_Word_By_Word,Montserrat ExtraBold,&H00FFFFFF,&H0000E5FF,PopIn_Scale_110,210000,14500,1620,680,81.2,56.8,13.4,7.7,6,Tier_A,Discussão moral intensa nos comentários sobre a proporcionalidade do cancelamento.,VALIDO,2026-09-01
XAM_B01_V04_SHORT,batch_01,4,@xamaadoreddit,Xamã do Reddit,PT-BR,Minha Noiva me Traiu com Meu Irmão e Tentou me Culpar! #shorts,Voltei mais cedo do trabalho e encontrei o carro do meu irmão na minha garagem.,Confissao_Imediata,52,00:52,Shorts_9x16,r/desabafos,Traicao_Familiar_Dupla,Choque_Traicao,Microsoft_Azure,pt-BR-AntonioNeural,178.0,Energetico_Dinamico,Minecraft_Parkour,60,2.5,PopIn_Zoom_Dynamic,Komika Axis,&H00FFFFFF,&H0000E5FF,PopIn_Scale_112,128000,8900,410,310,88.5,84.2,16.5,7.5,14,Tier_S,Excelente conversão de inscritos via gancho nos primeiros 2 segundos.,VALIDO,2026-09-01
XAM_B01_V05_SHORT,batch_01,5,@xamaadoreddit,Xamã do Reddit,PT-BR,Minha Sogra Quis Vender Minha Casa Herdada! #shorts,Minha sogra colocou uma placa de venda na casa que meus pais me deixaram.,Indignacao_Moral,48,00:48,Shorts_9x16,r/EuSouOBabaca,Sogra_Invasiva_Patrimonio,Indignacao_Moral,Microsoft_Azure,pt-BR-AntonioNeural,175.0,Energetico_Dinamico,GTA5_MegaRamp,60,2.4,PopIn_Zoom_Dynamic,The Bold Font,&H00FFFFFF,&H0000E5FF,PopIn_Scale_112,95000,6800,290,180,86.0,81.5,15.0,7.6,14,Tier_A,Alto engajamento impulsionado por ódio à figura da sogra antagonista.,VALIDO,2026-09-01
XAM_B01_V06_SHORT,batch_01,6,@xamaadoreddit,Xamã do Reddit,PT-BR,Chefe me Demitiu e Perdeu 300 Mil Reais! #shorts,Meu chefe me mandou embora por não trabalhar no domingo e esqueceu quem gerenciava os servidores.,Paradoxo_Consequencia,56,00:56,Shorts_9x16,r/maliciouscompliance,Queda_Chefe_Tirano,Vinganca_Catarse,ElevenLabs,Rogerio,180.0,Energetico_Dinamico,Subway_Surfers,60,2.6,PopIn_Zoom_Dynamic,Montserrat ExtraBold,&H00FFFFFF,&H0066FF00,PopIn_Scale_112,142000,11200,530,420,89.2,86.4,17.1,8.5,14,Tier_S,Grande pico de retenção no momento do cálculo do prejuízo da empresa.,VALIDO,2026-09-01
LOU_B01_V01_LONG,batch_01,7,@loucodereddit,Louco de Reddit,PT-BR,"Minha família me expulsou de casa por causa do meu irmão de ouro, 10 anos depois eles bateram na minha porta pedindo dinheiro...",Se você acha que sangue é mais importante que caráter esta história sobre como minha própria família me descartou vai mudar sua mente.,Indignacao_Moral,3480,58:00,Longform_16x9,r/BestofRedditorUpdates,Filho_Rejeitado_Prosperidade,Alivio_Justica,ElevenLabs,Daniel,142.0,Calmo_Reflexivo,Minecraft_Parkour,60,0.0,Blocos_Estaticos,Roboto Bold,&H00FFFFFF,&H0000E5FF,Static_Line_Fade,148000,8200,890,340,73.5,62.1,9.8,6.2,3,Tier_A,Altíssimo tempo médio de exibição (watch time) com consumo em formato podcast.,VALIDO,2026-09-01
LOU_B01_V02_LONG,batch_01,8,@loucodereddit,Louco de Reddit,PT-BR,Minha esposa admitiu que se casou comigo apenas por estabilidade financeira então executei o plano perfeito de divórcio,Ouvi minha esposa rindo ao telefone dizendo que eu era apenas o caixa eletrônico dela.,Choque_Descrenca,3120,52:00,Longform_16x9,r/NuclearRevenge,Divorcio_Calculado_Patrimonio,Vinganca_Catarse,Microsoft_Azure,pt-BR-FabioNeural,144.0,Calmo_Reflexivo,ASMR_Soap_Sand,60,3.5,Blocos_Estaticos,Montserrat SemiBold,&H00FFFFFF,&H0000E5FF,Static_Line_Fade,92000,5100,620,210,71.8,59.4,9.2,6.4,3,Tier_A,Retenção linear sustentada por B-roll sensorial ASMR e narração pausada.,VALIDO,2026-09-01
LOU_B01_V03_LONG,batch_01,9,@loucodereddit,Louco de Reddit,PT-BR,Minha sogra tentou me incriminar para o meu marido mas uma câmera escondida mudou tudo,Ela colocou as próprias joias na minha bolsa de trabalho sem saber que a câmera do berço estava gravando.,Xeque_Mate_Legal,2880,48:00,Longform_16x9,r/ProRevenge,Sogra_Armacao_Desfeita,Alivio_Justica,ElevenLabs,Daniel,145.0,Calmo_Reflexivo,GTA5_MegaRamp,60,3.2,Blocos_Estaticos,Roboto Bold,&H00FFFFFF,&H0000E5FF,Static_Line_Fade,115000,6700,740,290,75.0,60.8,10.1,6.6,3,Tier_A,Pico de audiência no instante da reprodução do vídeo da câmera oculta na sala.,VALIDO,2026-09-01
LOU_B01_V04_LONG,batch_01,10,@loucodereddit,Louco de Reddit,PT-BR,Meus parentes me ignoraram durante meu câncer mas vieram exigir ajuda quando herdei a fazenda do meu avô,Passei por 18 meses de quimioterapia sozinho enquanto meus tios disputavam a herança em vida.,Indignacao_Moral,3720,62:00,Longform_16x9,r/desabafos,Superacao_Heranca_Desprezo,Melodrama_Familiar,ElevenLabs,Daniel,140.0,Calmo_Reflexivo,Minecraft_Parkour,60,0.0,Blocos_Estaticos,Montserrat SemiBold,&H00FFFFFF,&H0000E5FF,Static_Line_Fade,132000,7900,1150,380,76.2,64.5,10.5,7.2,3,Tier_A,Grande repercussão emocional com comentários longos de superação de inscritos.,VALIDO,2026-09-01
LOU_B01_V05_LONG,batch_01,11,@loucodereddit,Louco de Reddit,PT-BR,Meu irmão me processou pela empresa que fundei no porão e terminou com uma dívida de 2 milhões de reais,Ele alegou ser sócio fundador sem nunca ter colocado um único centavo no negócio.,Xeque_Mate_Legal,3300,55:00,Longform_16x9,r/NuclearRevenge,Disputa_Sociedade_Irmaos,Vinganca_Catarse,Microsoft_Azure,pt-BR-FabioNeural,146.0,Calmo_Reflexivo,ASMR_Soap_Sand,60,3.0,Blocos_Estaticos,Roboto Bold,&H00FFFFFF,&H0066FF00,Static_Line_Fade,88000,4900,530,190,70.5,58.0,8.9,6.4,3,Tier_B,Forte interesse na estratégia jurídica do contador forense da empresa.,VALIDO,2026-09-01
VIC_B01_V01_LONG,batch_01,12,@ViciadoemReddit,Viciado em Reddit,PT-BR,"[HISTÓRIA COMPLETA] Minha noiva exigiu que eu pagasse o vestido de 50 mil reais da irmã dela, então cancelei tudo...",Minha noiva me deu um ultimato: ou eu pagava o vestido de luxo da irmã dela ou não haveria casamento.,Indignacao_Moral,2280,38:00,Longform_16x9,r/AITAH,Noiva_Exigencias_Absurdas,Melodrama_Familiar,ElevenLabs,Antoni,158.0,Energetico_Dinamico,Minecraft_Parkour,60,2.8,Karaoke_Word_By_Word,The Bold Font,&H00FFFFFF,&H0000E5FF,PopIn_Scale_110,310000,24500,2850,1100,82.5,57.4,14.2,9.2,5,Tier_S,Explosão de comentários debatendo se o noivo foi correto ou radical.,VALIDO,2026-09-01
VIC_B01_V02_LONG,batch_01,13,@ViciadoemReddit,Viciado em Reddit,PT-BR,Meu chefe me demitiu por me recusar a trabalhar de graça mas esqueceu que eu era o único com as senhas do sistema,Fui escoltado para fora da empresa na sexta-feira e na segunda o servidor central parou completamente.,Paradoxo_Consequencia,1920,32:00,Longform_16x9,r/maliciouscompliance,Queda_Chefe_Tirano,Vinganca_Catarse,Microsoft_Azure,pt-BR-NicolauNeural,162.0,Energetico_Dinamico,GTA5_MegaRamp,60,2.6,Karaoke_Word_By_Word,Komika Axis,&H00FFFFFF,&H0066FF00,PopIn_Scale_110,265000,19800,1720,890,80.1,55.2,13.8,8.5,5,Tier_S,Forte apelo com profissionais da área de TI e trabalhadores corporativos.,VALIDO,2026-09-01
VIC_B01_V03_LONG,batch_01,14,@ViciadoemReddit,Viciado em Reddit,PT-BR,[HISTÓRIA COMPLETA] Descobri o segredo sombrio que minha família escondeu de mim por 20 anos,Um envelope esquecido no sótão da minha avó revelou por que meu pai nunca olhava nos meus olhos.,Confissao_Imediata,2520,42:00,Longform_16x9,r/desabafos,Segredo_Familiar_Paternidade,Choque_Traicao,ElevenLabs,Antoni,155.0,Energetico_Dinamico,Minecraft_Parkour,60,3.0,Karaoke_Word_By_Word,The Bold Font,&H00FFFFFF,&H0000E5FF,PopIn_Scale_110,178000,12100,940,430,77.8,53.0,11.5,7.5,5,Tier_A,Sustentação de mistério constante mantendo a curiosidade até os minutos finais.,VALIDO,2026-09-01
VIC_B01_V04_SHORT,batch_01,15,@ViciadoemReddit,Viciado em Reddit,PT-BR,Cancelei o Casamento no Meio da Festa! #shorts,Peguei o microfone do DJ e agradeci ao padrinho por ter dormido com a minha noiva na noite anterior.,Choque_Descrenca,54,00:54,Shorts_9x16,r/AITAH,Casamento_Cancelado_Altar,Choque_Traicao,ElevenLabs,Antoni,182.0,Energetico_Dinamico,Minecraft_Parkour,60,2.2,PopIn_Zoom_Dynamic,The Bold Font,&H00FFFFFF,&H0000E5FF,PopIn_Scale_112,355000,28900,1980,1450,91.5,88.2,18.4,9.1,12,Tier_S,Super viral com gancho sonoro impactante e revelação de microfone nos primeiros 3s.,VALIDO,2026-09-01
VIC_B01_V05_SHORT,batch_01,16,@ViciadoemReddit,Viciado em Reddit,PT-BR,Chefe Exigiu Obediência Cega e Perdeu Tudo! #shorts,Segui a ordem do diretor de não interromper a reunião e a tubulação de água inundou o estoque.,Paradoxo_Consequencia,50,00:50,Shorts_9x16,r/maliciouscompliance,Queda_Chefe_Tirano,Vinganca_Catarse,Microsoft_Azure,pt-BR-NicolauNeural,180.0,Energetico_Dinamico,GTA5_MegaRamp,60,2.4,PopIn_Zoom_Dynamic,Komika Axis,&H00FFFFFF,&H0066FF00,PopIn_Scale_112,210000,16500,870,620,87.4,83.0,15.9,8.6,12,Tier_S,Ritmo frenético com transição de som no clímax da água inundando o galpão.,VALIDO,2026-09-01
VIC_B01_V06_SHORT,batch_01,17,@ViciadoemReddit,Viciado em Reddit,PT-BR,Mãe Exigiu Meu Salário Todo Para a Irmã Folgada! #shorts,Minha mãe me disse que como homem eu era obrigado a bancar a faculdade particular da minha irmã.,Indignacao_Moral,47,00:47,Shorts_9x16,r/EntitledParents,Pais_Toxicos_Privilegio,Indignacao_Moral,Microsoft_Azure,pt-BR-NicolauNeural,176.0,Energetico_Dinamico,Subway_Surfers,60,2.5,PopIn_Zoom_Dynamic,The Bold Font,&H00FFFFFF,&H0000E5FF,PopIn_Scale_112,165000,12300,790,410,85.2,80.4,14.6,8.2,12,Tier_A,Revolta imediata nos comentários sobre pais que favorecem um filho em detrimento de outro.,VALIDO,2026-09-01
RDS_B01_V01_LONG,batch_01,18,@redditstories2337,Reddit Stories,EN-Bilingual,My family moved to another state without telling me. They only left a note...,I came home from my college dorm to an empty house and a sticky note on the kitchen counter.,Indignacao_Moral,2340,39:00,Longform_16x9,r/AITAH,Abandono_Familiar_Superacao,Melodrama_Familiar,ElevenLabs,Adam,148.0,Conversacional,Minecraft_Parkour,60,3.0,Karaoke_Word_By_Word,Montserrat ExtraBold,&H00FFFFFF,&H0000E5FF,PopIn_Scale_110,4800,290,38,15,68.4,48.2,7.9,7.1,3,Tier_B,Desempenho consistente em público internacional bilíngue com interesse em dramas familiares.,VALIDO,2026-09-01
RDS_B01_V02_LONG,batch_01,19,@redditstories2337,Reddit Stories,EN-Bilingual,APOLOGIZE TO MY BROTHER-IN-LAW OR GET OUT OF MY HOUSE,My wife demanded I apologize to her brother after catching him trying to steal my credit card.,Indignacao_Moral,2580,43:00,Longform_16x9,r/relationship_advice,Cunhado_Toxico_Conflito,Indignacao_Moral,ElevenLabs,Adam,150.0,Serio_Dramatico,GTA5_MegaRamp,60,3.2,Karaoke_Word_By_Word,The Bold Font,&H00FFFFFF,&H0000E5FF,PopIn_Scale_110,5100,310,42,18,70.1,50.5,8.2,7.3,3,Tier_B,Pico de engajamento na resposta do protagonista expulsando o cunhado da residência.,VALIDO,2026-09-01
RDS_B01_V03_LONG,batch_01,20,@redditstories2337,Reddit Stories,EN-Bilingual,At the nightclub in front of everyone my husband saw me making out with another man - and I lost...,I thought my husband would beg me to stay after I staged an affair at his birthday party.,Confissao_Imediata,1980,33:00,Longform_16x9,r/tifu,Traicao_Forjada_Arrependimento,Choque_Traicao,ElevenLabs,Rachel,152.0,Serio_Dramatico,Subway_Surfers,60,2.8,Karaoke_Word_By_Word,Montserrat ExtraBold,&H00FFFFFF,&H0000E5FF,PopIn_Scale_110,3200,180,29,11,66.5,46.8,7.4,6.9,3,Tier_C,Forte reação negativa nos comentários contra as atitudes imaturas da protagonista.,VALIDO,2026-09-01
RDS_B01_V04_SHORT,batch_01,21,@redditstories2337,Reddit Stories,EN-Bilingual,"My Wife Demanded an Open Marriage, So I Agreed! #shorts","My wife announced she wanted an open marriage, thinking I would be devastated.",Paradoxo_Consequencia,55,00:55,Shorts_9x16,r/relationship_advice,Casamento_Aberto_Backfire,Vinganca_Catarse,ElevenLabs,Adam,178.0,Energetico_Dinamico,Minecraft_Parkour,60,2.4,PopIn_Zoom_Dynamic,The Bold Font,&H00FFFFFF,&H0000E5FF,PopIn_Scale_112,840,58,8,4,81.0,76.5,12.0,8.3,6,Tier_B,Tema clássico de alta conversão de curiosidade no ecossistema anglófono.,VALIDO,2026-09-01
RDS_B01_V05_SHORT,batch_01,22,@redditstories2337,Reddit Stories,EN-Bilingual,My Boss Demanded I Apologize To His Son! #shorts,My boss told me to apologize to his 19-year-old son who crashed the company forklift.,Indignacao_Moral,49,00:49,Shorts_9x16,r/pettyrevenge,Nepotismo_Trabalho_Conflito,Indignacao_Moral,ElevenLabs,Adam,180.0,Energetico_Dinamico,GTA5_MegaRamp,60,2.5,PopIn_Zoom_Dynamic,Montserrat ExtraBold,&H00FFFFFF,&H0066FF00,PopIn_Scale_112,620,44,5,3,79.5,74.0,11.2,8.4,6,Tier_B,Excelente retenção visual de acrobacias em pistas aéreas de GTA V.,VALIDO,2026-09-01
RDT_B01_V01_LONG,batch_01,23,@redditdramatale,Reddit Drama Tales,EN-US,My Brother Said I Owed Him My Inheritance 'Because He Has a Family...' - Best Reddit Stories,"My older brother demanded I sign over our grandfather's ,000 estate because he had kids and I was single.",In_Media_Res_Injustice,2260,37:40,Longform_16x9,r/ProRevenge,Heranca_Irmao_Ganancioso,Alivio_Justica,ElevenLabs,Adam,150.0,Sobrio_Contido,Minecraft_Parkour,60,0.0,Karaoke_Word_By_Word,The Bold Font,&H00FFFFFF,&H0066FF00,PopIn_Scale_110,86000,5400,620,380,78.5,61.2,12.5,7.4,7,Tier_S,Top performer do canal com altíssima taxa de retenção até o encerramento do inventário.,VALIDO,2026-09-01
RDT_B01_V02_LONG,batch_01,24,@redditdramatale,Reddit Drama Tales,EN-US,"On Christmas Eve, My Parents Handed Out Gifts to 'The Grandkids Who Mattered' - Best Reddit Stories",My parents bought thousands of dollars in designer gifts for my sister's kids and handed my daughter a box of crayons.,Indignacao_Moral,2297,38:17,Longform_16x9,r/JUSTNOMIL,Favoritismo_Netos_Natal,Melodrama_Familiar,ElevenLabs,Antoni,152.0,Sobrio_Contido,Minecraft_Parkour,60,0.0,Karaoke_Word_By_Word,Montserrat ExtraBold,&H00FFFFFF,&H0000E5FF,PopIn_Scale_110,78000,4800,810,340,79.2,63.0,13.1,7.6,7,Tier_S,Viral sazonal de drama de feriado com comentários ferozes contra os avós.,VALIDO,2026-09-01
RDT_B01_V03_LONG,batch_01,25,@redditdramatale,Reddit Drama Tales,EN-US,My Dad Mocked Me For Being A Janitor. He Toasted At Thanksgiving: 'To The Failure...' - Best Reddit Stories,At Thanksgiving dinner my father raised his glass to mock my cleaning job without knowing I owned the commercial building.,In_Media_Res_Injustice,1971,32:51,Longform_16x9,r/AmItheAsshole,Trabalhador_Humilhado_Triunfo,Alivio_Justica,ElevenLabs,Adam,149.0,Sobrio_Contido,Minecraft_Parkour,60,0.0,Karaoke_Word_By_Word,The Bold Font,&H00FFFFFF,&H0066FF00,PopIn_Scale_110,53000,3600,490,260,77.0,59.8,11.8,8.2,7,Tier_S,Exemplo paradigmático de catarse do trabalhador manual contra parentes elitistas.,VALIDO,2026-09-01
RDT_B01_V04_LONG,batch_01,26,@redditdramatale,Reddit Drama Tales,EN-US,I Refused to Skip My Welding Certification Exam to Help My Brother Move... - Best Reddit Stories,My mother told me I was selfish for choosing my trade exam over driving my brother's moving truck across state lines.,Indignacao_Moral,2203,36:43,Longform_16x9,r/EntitledParents,Filho_Ouro_vs_Expiatorio,Indignacao_Moral,ElevenLabs,Marcus,151.0,Sobrio_Contido,Minecraft_Parkour,60,0.0,Karaoke_Word_By_Word,The Bold Font,&H00FFFFFF,&H0000E5FF,PopIn_Scale_110,22000,1450,180,95,74.8,56.5,10.2,7.8,7,Tier_A,Consistência exemplar no padrão de 36 minutos e narração masculina calma.,VALIDO,2026-09-01
RDT_B01_V05_LONG,batch_01,27,@redditdramatale,Reddit Drama Tales,EN-US,"I Thanked My Grandpa For The  Birthday Check. He Blinked, Then Said He Sent ,000... - Best Reddit Stories","When I thanked my grandfather for the small check he froze and asked where the remaining 4,900 dollars went.",Xeque_Mate_Legal,2442,40:42,Longform_16x9,r/ProRevenge,Roubo_Familiar_Descoberto,Alivio_Justica,ElevenLabs,Adam,148.5,Sobrio_Contido,Minecraft_Parkour,60,0.0,Karaoke_Word_By_Word,The Bold Font,&H00FFFFFF,&H0066FF00,PopIn_Scale_110,19000,1280,165,80,75.4,57.2,10.5,7.9,7,Tier_A,Curiosidade investigativa retendo a audiência até a revelação do extrato bancário.,VALIDO,2026-09-01
RDT_B01_V06_LONG,batch_01,28,@redditdramatale,Reddit Drama Tales,EN-US,"At 18, I Found Out My Parents Used My College Savings To Fund My Sister's Wedding... - Best Reddit Stories",I logged into my college fund account to pay tuition and discovered a balance of zero dollars.,Choque_Descrenca,2257,37:37,Longform_16x9,r/NuclearRevenge,Roubo_Poupanca_Faculdade,Vinganca_Catarse,ElevenLabs,Adam,150.5,Sobrio_Contido,Minecraft_Parkour,60,0.0,Karaoke_Word_By_Word,The Bold Font,&H00FFFFFF,&H0000E5FF,PopIn_Scale_110,14000,980,140,65,73.9,55.4,9.8,8.4,7,Tier_A,Altíssima indignação moral sustentando a audiência ao longo dos 3 capítulos da vingança.,VALIDO,2026-09-01
RDT_B01_V07_LONG,batch_01,29,@redditdramatale,Reddit Drama Tales,EN-US,I Showed Up To My Parents' House For My 30th Birthday Dinner And Found A Lockout... - Best Reddit Stories,I drove two hours for my birthday dinner only to find the front door locks changed and a party for my sister inside.,Indignacao_Moral,2212,36:52,Longform_16x9,r/JUSTNOMIL,Exclusao_Familiar_Trauma,Melodrama_Familiar,ElevenLabs,Marcus,149.5,Sobrio_Contido,Minecraft_Parkour,60,0.0,Karaoke_Word_By_Word,Montserrat ExtraBold,&H00FFFFFF,&H0000E5FF,PopIn_Scale_110,8500,620,85,35,72.1,54.0,9.1,8.6,7,Tier_B,Desempenho estável no catálogo diário com forte empatia da comunidade.,VALIDO,2026-09-01
RDT_B01_V08_LONG,batch_01,30,@redditdramatale,Reddit Drama Tales,EN-US,My Mom Gave My Christmas Gift To My Brother - With My Name Still On The Tag... - Best Reddit Stories,I watched my brother unwrap the leather jacket I had asked for with my name crossed out in black marker.,Indignacao_Moral,2235,37:15,Longform_16x9,r/EntitledParents,Desrespeito_Familiar_Natal,Indignacao_Moral,ElevenLabs,Adam,150.0,Sobrio_Contido,Minecraft_Parkour,60,0.0,Karaoke_Word_By_Word,The Bold Font,&H00FFFFFF,&H0000E5FF,PopIn_Scale_110,6200,450,62,28,71.5,53.2,8.8,8.7,7,Tier_B,Retenção linear típica da janela de 37 minutos de compilações do canal.,VALIDO,2026-09-01
